,#path, orbit, img_block, line, sample, lat, lon, an, ca, cf, rms,orbit_start,orbit_stop
1,106,86890,14,64,574,80.154877,272.998852,0.639937,0.800221,1.072164,7.5075,2016-04-19 00:48:19+00:00,2016-04-19 02:27:12+00:00
2,106,86890,14,65,574,80.157872,272.996254,0.638736,0.79782,1.066761,7.442308000000001,2016-04-19 00:48:19+00:00,2016-04-19 02:27:12+00:00
3,106,86890,14,65,573,80.158689,272.995535,0.636935,0.797219,1.069763,7.525161,2016-04-19 00:48:19+00:00,2016-04-19 02:27:12+00:00
4,106,86890,14,66,573,80.16086700000001,272.993595,0.6381359999999999,0.79842,1.069763,7.4270830000000005,2016-04-19 00:48:19+00:00,2016-04-19 02:27:12+00:00
5,106,86890,14,66,572,80.162501,272.992122,0.638736,0.7960189999999999,1.074565,6.714091000000001,2016-04-19 00:48:19+00:00,2016-04-19 02:27:12+00:00
6,106,86890,14,67,572,80.164135,272.990635,0.6381359999999999,0.792417,1.0823690000000001,6.678528999999999,2016-04-19 00:48:19+00:00,2016-04-19 02:27:12+00:00
7,106,86890,14,67,571,80.16658699999999,272.988384,0.638736,0.791216,1.088373,7.783,2016-04-19 00:48:19+00:00,2016-04-19 02:27:12+00:00
8,106,86890,14,68,571,80.167132,272.987883,0.6375350000000001,0.787614,1.087772,6.940233,2016-04-19 00:48:19+00:00,2016-04-19 02:27:12+00:00
9,106,86890,14,69,571,80.170129,272.985146,0.636335,0.788215,1.094376,6.5575,2016-04-19 00:48:19+00:00,2016-04-19 02:27:12+00:00
10,106,86890,14,69,570,80.170402,272.98489700000005,0.633933,0.791817,1.088973,7.408333,2016-04-19 00:48:19+00:00,2016-04-19 02:27:12+00:00
11,106,86890,14,70,570,80.173401,272.98219,0.635734,0.794218,1.093775,21.728571,2016-04-19 00:48:19+00:00,2016-04-19 02:27:12+00:00
12,106,86890,14,70,569,80.174491,272.981207,0.631532,0.789415,1.10338,19.99931,2016-04-19 00:48:19+00:00,2016-04-19 02:27:12+00:00
13,106,86890,14,71,569,80.1764,272.97947999999997,0.629131,0.772606,1.1141860000000001,8.803077,2016-04-19 00:48:19+00:00,2016-04-19 02:27:12+00:00
14,106,86890,14,71,568,80.178308,272.977749,0.624328,0.767204,1.123191,6.521111,2016-04-19 00:48:19+00:00,2016-04-19 02:27:12+00:00
15,106,86890,14,72,568,80.179399,272.976758,0.621927,0.765403,1.127393,6.495641,2016-04-19 00:48:19+00:00,2016-04-19 02:27:12+00:00
16,106,86890,14,72,567,80.182399,272.97405,0.6213270000000001,0.765403,1.132796,6.248571,2016-04-19 00:48:19+00:00,2016-04-19 02:27:12+00:00
17,106,86890,14,73,567,80.182672,272.97380699999997,0.625529,0.768404,1.135197,6.527727,2016-04-19 00:48:19+00:00,2016-04-19 02:27:12+00:00
18,106,86890,14,74,567,80.185674,272.971172,0.620727,0.763602,1.136998,7.353333,2016-04-19 00:48:19+00:00,2016-04-19 02:27:12+00:00
19,106,86890,14,74,566,80.18621999999999,272.97070299999996,0.6147229999999999,0.7648020000000001,1.136998,6.580526,2016-04-19 00:48:19+00:00,2016-04-19 02:27:12+00:00
20,106,86890,14,75,566,80.18895,272.968362,0.615324,0.769005,1.138199,6.700588000000001,2016-04-19 00:48:19+00:00,2016-04-19 02:27:12+00:00
21,106,86890,14,75,565,80.190043,272.96743599999996,0.611722,0.767204,1.136998,6.651786,2016-04-19 00:48:19+00:00,2016-04-19 02:27:12+00:00
22,106,86890,14,76,565,80.191956,272.96582,0.6129220000000001,0.7720060000000001,1.1333959999999998,6.517857,2016-04-19 00:48:19+00:00,2016-04-19 02:27:12+00:00
23,106,86890,14,76,564,80.194142,272.963983,0.612322,0.769605,1.136998,6.611333,2016-04-19 00:48:19+00:00,2016-04-19 02:27:12+00:00
24,106,86890,14,77,564,80.194962,272.963298,0.60812,0.768404,1.132796,6.417143,2016-04-19 00:48:19+00:00,2016-04-19 02:27:12+00:00
25,106,86890,14,77,563,80.197968,272.960782,0.610521,0.765403,1.135797,6.296667,2016-04-19 00:48:19+00:00,2016-04-19 02:27:12+00:00
26,106,86890,14,78,563,80.19824100000001,272.96055099999995,0.609321,0.766003,1.1333959999999998,6.4382220000000006,2016-04-19 00:48:19+00:00,2016-04-19 02:27:12+00:00
27,106,86890,14,79,563,80.20124799999999,272.95797999999996,0.611722,0.766003,1.138799,6.5225,2016-04-19 00:48:19+00:00,2016-04-19 02:27:12+00:00
28,106,86890,14,79,562,80.20179399999999,272.95750400000003,0.6129220000000001,0.765403,1.136998,6.4654050000000005,2016-04-19 00:48:19+00:00,2016-04-19 02:27:12+00:00
29,106,86890,14,80,562,80.204525,272.955098,0.611121,0.769005,1.136398,6.625,2016-04-19 00:48:19+00:00,2016-04-19 02:27:12+00:00
30,106,86890,14,80,561,80.20589,272.953881,0.610521,0.769005,1.133997,6.5044,2016-04-19 00:48:19+00:00,2016-04-19 02:27:12+00:00
31,106,86890,14,81,561,80.207528,272.95241400000003,0.6087199999999999,0.767204,1.133997,6.729686999999999,2016-04-19 00:48:19+00:00,2016-04-19 02:27:12+00:00
32,106,86890,14,81,560,80.209711,272.95045,0.60752,0.765403,1.128594,6.824167,2016-04-19 00:48:19+00:00,2016-04-19 02:27:12+00:00
33,106,86890,14,82,560,80.21053,272.94971200000003,0.610521,0.768404,1.126793,7.345227,2016-04-19 00:48:19+00:00,2016-04-19 02:27:12+00:00
34,106,86890,14,82,559,80.213533,272.94701000000003,0.611722,0.774407,1.129194,7.14,2016-04-19 00:48:19+00:00,2016-04-19 02:27:12+00:00
35,106,86890,14,83,559,80.213806,272.94676400000003,0.611121,0.771406,1.126793,8.019544999999999,2016-04-19 00:48:19+00:00,2016-04-19 02:27:12+00:00
36,106,86890,14,84,559,80.216808,272.944071,0.611722,0.7720060000000001,1.130995,7.2181820000000005,2016-04-19 00:48:19+00:00,2016-04-19 02:27:12+00:00
37,106,86890,14,84,558,80.21762700000001,272.94333900000004,0.612322,0.772606,1.125592,7.071211999999999,2016-04-19 00:48:19+00:00,2016-04-19 02:27:12+00:00
38,106,86890,14,85,558,80.21981,272.941391,0.6129220000000001,0.775008,1.126793,7.08,2016-04-19 00:48:19+00:00,2016-04-19 02:27:12+00:00
39,106,86890,14,85,557,80.221448,272.939934,0.6129220000000001,0.776809,1.123191,7.655417,2016-04-19 00:48:19+00:00,2016-04-19 02:27:12+00:00
40,106,86890,14,86,557,80.223086,272.93847900000003,0.610521,0.774407,1.126793,7.363529,2016-04-19 00:48:19+00:00,2016-04-19 02:27:12+00:00
41,106,86890,14,86,556,80.225543,272.93629500000003,0.610521,0.772606,1.126793,7.49,2016-04-19 00:48:19+00:00,2016-04-19 02:27:12+00:00
42,106,86890,14,87,556,80.22609,272.935809,0.609921,0.773807,1.124992,7.336817999999999,2016-04-19 00:48:19+00:00,2016-04-19 02:27:12+00:00
43,106,86890,14,88,555,80.22936700000001,272.93289599999997,0.6087199999999999,0.767804,1.129194,6.752142999999999,2016-04-19 00:48:19+00:00,2016-04-19 02:27:12+00:00
44,106,86890,14,89,555,80.232372,272.93021600000003,0.60752,0.769005,1.132196,6.798571000000001,2016-04-19 00:48:19+00:00,2016-04-19 02:27:12+00:00
45,106,86890,14,89,554,80.233192,272.929485,0.6039180000000001,0.769005,1.1345969999999999,6.723,2016-04-19 00:48:19+00:00,2016-04-19 02:27:12+00:00
46,106,86890,14,90,554,80.235378,272.927529,0.605719,0.7708050000000001,1.130395,6.622692,2016-04-19 00:48:19+00:00,2016-04-19 02:27:12+00:00
47,106,86890,14,90,553,80.237291,272.925814,0.606919,0.768404,1.132796,6.8485,2016-04-19 00:48:19+00:00,2016-04-19 02:27:12+00:00
48,106,86890,14,91,553,80.23865699999999,272.92458799999997,0.6063189999999999,0.769005,1.132796,6.618889,2016-04-19 00:48:19+00:00,2016-04-19 02:27:12+00:00
49,106,86890,14,91,552,80.241116,272.922377,0.60752,0.768404,1.135197,6.6225,2016-04-19 00:48:19+00:00,2016-04-19 02:27:12+00:00
50,106,86890,14,92,552,80.241663,272.921884,0.605118,0.769605,1.132796,6.546444,2016-04-19 00:48:19+00:00,2016-04-19 02:27:12+00:00
51,106,86890,14,93,552,80.24466899999999,272.919194,0.602117,0.771406,1.132196,6.296667,2016-04-19 00:48:19+00:00,2016-04-19 02:27:12+00:00
52,106,86890,14,93,551,80.244943,272.918951,0.606919,0.7720060000000001,1.132796,6.637142999999999,2016-04-19 00:48:19+00:00,2016-04-19 02:27:12+00:00
53,106,86890,14,94,551,80.247951,272.916333,0.60752,0.773807,1.1315950000000001,6.755,2016-04-19 00:48:19+00:00,2016-04-19 02:27:12+00:00
54,106,86890,14,94,550,80.24904599999999,272.915386,0.610521,0.7708050000000001,1.129194,6.931071,2016-04-19 00:48:19+00:00,2016-04-19 02:27:12+00:00
55,106,86890,14,95,550,80.250961,272.913718,0.6063189999999999,0.771406,1.130395,6.733571,2016-04-19 00:48:19+00:00,2016-04-19 02:27:12+00:00
56,106,86890,14,95,549,80.252877,272.91202599999997,0.605118,0.769605,1.129194,6.9717649999999995,2016-04-19 00:48:19+00:00,2016-04-19 02:27:12+00:00
57,106,86890,14,96,549,80.254244,272.910799,0.6087199999999999,0.771406,1.124992,6.958947,2016-04-19 00:48:19+00:00,2016-04-19 02:27:12+00:00
58,106,86890,14,96,548,80.25670500000001,272.908541,0.60752,0.769605,1.124992,6.783333,2016-04-19 00:48:19+00:00,2016-04-19 02:27:12+00:00
59,106,86890,14,97,548,80.257251,272.908031,0.60812,0.7720060000000001,1.1213899999999999,7.045778,2016-04-19 00:48:19+00:00,2016-04-19 02:27:12+00:00
60,106,86890,14,98,548,80.260258,272.905213,0.60752,0.7720060000000001,1.119589,6.651667,2016-04-19 00:48:19+00:00,2016-04-19 02:27:12+00:00
61,106,86890,14,98,547,80.26080400000001,272.904702,0.603317,0.773807,1.1201889999999999,6.749737,2016-04-19 00:48:19+00:00,2016-04-19 02:27:12+00:00
62,106,86890,14,99,547,80.263265,272.902407,0.605719,0.773207,1.1213899999999999,6.9966669999999995,2016-04-19 00:48:19+00:00,2016-04-19 02:27:12+00:00
63,106,86890,14,99,546,80.26463299999999,272.901137,0.609321,0.773207,1.123191,6.918571000000001,2016-04-19 00:48:19+00:00,2016-04-19 02:27:12+00:00
64,106,86890,14,100,546,80.266547,272.899361,0.611722,0.776208,1.12079,6.906207000000001,2016-04-19 00:48:19+00:00,2016-04-19 02:27:12+00:00
65,106,86890,14,100,545,80.26873499999999,272.897348,0.609321,0.777409,1.123191,7.0753330000000005,2016-04-19 00:48:19+00:00,2016-04-19 02:27:12+00:00
66,106,86890,14,101,545,80.26955600000001,272.89660200000003,0.616524,0.776208,1.1201889999999999,6.852195,2016-04-19 00:48:19+00:00,2016-04-19 02:27:12+00:00
67,106,86890,14,102,544,80.27256700000001,272.893933,0.611121,0.775608,1.119589,8.322826,2016-04-19 00:48:19+00:00,2016-04-19 02:27:12+00:00
68,106,86890,14,103,544,80.275853,272.89106,0.610521,0.77861,1.1201889999999999,7.74,2016-04-19 00:48:19+00:00,2016-04-19 02:27:12+00:00
69,106,86890,14,103,543,80.2764,272.890577,0.6135229999999999,0.776208,1.126793,8.968108,2016-04-19 00:48:19+00:00,2016-04-19 02:27:12+00:00
70,106,86890,14,104,543,80.278863,272.888398,0.6129220000000001,0.775008,1.124992,8.0465,2016-04-19 00:48:19+00:00,2016-04-19 02:27:12+00:00
71,106,86890,14,104,542,80.280231,272.887184,0.612322,0.773807,1.12199,7.4888,2016-04-19 00:48:19+00:00,2016-04-19 02:27:12+00:00
72,106,86890,14,105,542,80.282146,272.885476,0.611722,0.775608,1.118388,7.11125,2016-04-19 00:48:19+00:00,2016-04-19 02:27:12+00:00
73,106,86890,14,105,541,80.284335,272.883522,0.615924,0.773807,1.123191,6.824615,2016-04-19 00:48:19+00:00,2016-04-19 02:27:12+00:00
74,106,86890,14,106,541,80.285156,272.88279,0.614123,0.776809,1.123191,7.162727,2016-04-19 00:48:19+00:00,2016-04-19 02:27:12+00:00
75,106,86890,14,107,540,80.288166,272.880096,0.614123,0.775608,1.1153870000000001,6.698913,2016-04-19 00:48:19+00:00,2016-04-19 02:27:12+00:00
76,106,86890,14,108,540,80.29145,272.877146,0.612322,0.7720060000000001,1.1201889999999999,6.846,2016-04-19 00:48:19+00:00,2016-04-19 02:27:12+00:00
77,106,86890,14,108,539,80.291997,272.87665,0.612322,0.775008,1.113586,6.629688000000001,2016-04-19 00:48:19+00:00,2016-04-19 02:27:12+00:00
78,106,86890,14,109,539,80.29446,272.874389,0.6135229999999999,0.7792100000000001,1.112385,6.689412,2016-04-19 00:48:19+00:00,2016-04-19 02:27:12+00:00
79,106,86890,14,109,538,80.29610100000001,272.872861,0.6129220000000001,0.776208,1.1141860000000001,7.468125,2016-04-19 00:48:19+00:00,2016-04-19 02:27:12+00:00
80,106,86890,14,110,538,80.29746800000001,272.871586,0.6129220000000001,0.776208,1.111785,7.678846000000001,2016-04-19 00:48:19+00:00,2016-04-19 02:27:12+00:00
81,106,86890,14,110,537,80.299931,272.86933700000003,0.609321,0.77861,1.111185,8.606667,2016-04-19 00:48:19+00:00,2016-04-19 02:27:12+00:00
82,106,86890,14,111,537,80.300753,272.868604,0.60812,0.77981,1.1129850000000001,7.132558,2016-04-19 00:48:19+00:00,2016-04-19 02:27:12+00:00
83,106,86890,14,112,536,80.30376700000001,272.865974,0.6147229999999999,0.7780090000000001,1.111185,7.5483720000000005,2016-04-19 00:48:19+00:00,2016-04-19 02:27:12+00:00
84,106,86890,14,113,536,80.306783,272.86335299999996,0.614123,0.780411,1.111785,7.7735710000000005,2016-04-19 00:48:19+00:00,2016-04-19 02:27:12+00:00
85,106,86890,14,113,535,80.307879,272.862393,0.6135229999999999,0.783412,1.111785,7.60875,2016-04-19 00:48:19+00:00,2016-04-19 02:27:12+00:00
86,106,86890,14,114,535,80.310073,272.86046400000004,0.614123,0.783412,1.111185,7.0575,2016-04-19 00:48:19+00:00,2016-04-19 02:27:12+00:00
87,106,86890,14,114,534,80.311718,272.859011,0.6129220000000001,0.788215,1.109384,7.1225,2016-04-19 00:48:19+00:00,2016-04-19 02:27:12+00:00
88,106,86890,14,115,534,80.313089,272.8578,0.614123,0.784012,1.109384,7.165278,2016-04-19 00:48:19+00:00,2016-04-19 02:27:12+00:00
89,106,86890,14,115,533,80.315557,272.855617,0.609921,0.785213,1.109984,7.00125,2016-04-19 00:48:19+00:00,2016-04-19 02:27:12+00:00
90,106,86890,14,116,533,80.316106,272.855133,0.611722,0.790616,1.108783,6.934130000000001,2016-04-19 00:48:19+00:00,2016-04-19 02:27:12+00:00
91,106,86890,14,117,532,80.319396,272.85218399999997,0.611722,0.7900159999999999,1.107583,7.238536999999999,2016-04-19 00:48:19+00:00,2016-04-19 02:27:12+00:00
92,106,86890,14,118,532,80.322411,272.849391,0.6129220000000001,0.791817,1.108183,6.764375,2016-04-19 00:48:19+00:00,2016-04-19 02:27:12+00:00
93,106,86890,14,118,531,80.32350699999999,272.84835699999996,0.6135229999999999,0.791817,1.1039809999999999,8.472667,2016-04-19 00:48:19+00:00,2016-04-19 02:27:12+00:00
94,106,86890,14,119,531,80.325425,272.846533,0.615924,0.79782,1.1009790000000002,8.976538,2016-04-19 00:48:19+00:00,2016-04-19 02:27:12+00:00
95,106,86890,14,119,530,80.327344,272.84469,0.611722,0.797219,1.101579,8.635789,2016-04-19 00:48:19+00:00,2016-04-19 02:27:12+00:00
96,106,86890,14,120,530,80.328714,272.843366,0.614123,0.803823,1.097377,8.285946000000001,2016-04-19 00:48:19+00:00,2016-04-19 02:27:12+00:00
97,106,86890,14,120,529,80.331457,272.84071,0.6129220000000001,0.803823,1.100379,9.0775,2016-04-19 00:48:19+00:00,2016-04-19 02:27:12+00:00
98,106,86890,14,121,529,80.331731,272.840446,0.6147229999999999,0.800821,1.1009790000000002,8.630682,2016-04-19 00:48:19+00:00,2016-04-19 02:27:12+00:00
99,106,86890,14,122,529,80.33475,272.83759,0.6147229999999999,0.800821,1.106382,7.9325,2016-04-19 00:48:19+00:00,2016-04-19 02:27:12+00:00
100,106,86890,14,122,528,80.3353,272.83707999999996,0.615324,0.799621,1.108783,8.188,2016-04-19 00:48:19+00:00,2016-04-19 02:27:12+00:00
101,106,86890,14,123,528,80.337773,272.834809,0.6147229999999999,0.8032229999999999,1.104581,7.941764999999999,2016-04-19 00:48:19+00:00,2016-04-19 02:27:12+00:00
102,106,86890,14,123,527,80.339147,272.83356200000003,0.612322,0.803823,1.107583,7.992069,2016-04-19 00:48:19+00:00,2016-04-19 02:27:12+00:00
103,106,86890,14,124,527,80.341072,272.831831,0.6087199999999999,0.79902,1.1027799999999999,8.588928999999998,2016-04-19 00:48:19+00:00,2016-04-19 02:27:12+00:00
104,106,86890,14,124,526,80.343272,272.829869,0.611121,0.791817,1.0967770000000001,8.22875,2016-04-19 00:48:19+00:00,2016-04-19 02:27:12+00:00
105,106,86890,14,125,526,80.34409699999999,272.829138,0.609921,0.791216,1.0967770000000001,8.108293,2016-04-19 00:48:19+00:00,2016-04-19 02:27:12+00:00
106,106,86890,14,126,525,80.347123,272.82647799999995,0.6135229999999999,0.788215,1.101579,9.427609,2016-04-19 00:48:19+00:00,2016-04-19 02:27:12+00:00
107,106,86890,14,127,525,80.350425,272.823592,0.610521,0.785213,1.099779,8.73625,2016-04-19 00:48:19+00:00,2016-04-19 02:27:12+00:00
108,106,86890,14,127,524,80.350974,272.823107,0.60812,0.774407,1.1153870000000001,9.258333,2016-04-19 00:48:19+00:00,2016-04-19 02:27:12+00:00
109,106,86890,14,128,524,80.353449,272.820912,0.59626,0.75593,1.100606,8.7525,2016-04-19 00:48:19+00:00,2016-04-19 02:27:12+00:00
110,106,86890,14,128,523,80.354824,272.819688,0.59626,0.752984,1.102373,8.61875,2016-04-19 00:48:19+00:00,2016-04-19 02:27:12+00:00
111,106,86890,14,129,523,80.356474,272.818231,0.600973,0.7535729999999999,1.0953030000000001,9.168485,2016-04-19 00:48:19+00:00,2016-04-19 02:27:12+00:00
112,106,86890,14,129,522,80.358674,272.816288,0.606276,0.7535729999999999,1.092946,8.746922999999999,2016-04-19 00:48:19+00:00,2016-04-19 02:27:12+00:00
113,106,86890,14,130,522,80.359774,272.815308,0.606865,0.7518060000000001,1.092357,9.052857000000001,2016-04-19 00:48:19+00:00,2016-04-19 02:27:12+00:00
114,106,86890,14,130,521,80.362523,272.812817,0.605687,0.747092,1.088233,8.985,2016-04-19 00:48:19+00:00,2016-04-19 02:27:12+00:00
115,106,86890,14,131,521,80.362798,272.812565,0.605687,0.74827,1.082341,10.22075,2016-04-19 00:48:19+00:00,2016-04-19 02:27:12+00:00
116,106,86890,14,162,470,80.506968,272.993604,0.627807,0.783276,1.049115,8.14,2016-04-19 00:48:19+00:00,2016-04-19 02:27:12+00:00
117,106,86890,14,163,470,80.508927,272.98467999999997,0.626621,0.777935,1.055049,10.915455,2016-04-19 00:48:19+00:00,2016-04-19 02:27:12+00:00
118,106,86890,14,164,470,80.511128,272.975527,0.629588,0.779716,1.056829,9.769444,2016-04-19 00:48:19+00:00,2016-04-19 02:27:12+00:00
119,106,86890,14,165,470,80.513163,272.967757,0.629588,0.7838689999999999,1.06217,10.132143,2016-04-19 00:48:19+00:00,2016-04-19 02:27:12+00:00
120,106,86890,14,165,469,80.514191,272.964067,0.6349279999999999,0.7856489999999999,1.0508950000000001,8.293333,2016-04-19 00:48:19+00:00,2016-04-19 02:27:12+00:00
121,106,86890,14,166,469,80.515434,272.95982000000004,0.630774,0.781496,1.052675,14.045454999999999,2016-04-19 00:48:19+00:00,2016-04-19 02:27:12+00:00
122,106,86890,14,167,469,80.517736,272.952528,0.627807,0.7850560000000001,1.0592030000000001,11.487273,2016-04-19 00:48:19+00:00,2016-04-19 02:27:12+00:00
123,106,86890,14,168,469,80.52006300000001,272.945889,0.631368,0.781496,1.065136,10.426667,2016-04-19 00:48:19+00:00,2016-04-19 02:27:12+00:00
124,106,86890,14,168,468,80.520702,272.944192,0.629588,0.784463,1.059796,8.632222,2016-04-19 00:48:19+00:00,2016-04-19 02:27:12+00:00
125,106,86890,14,169,468,80.522627,272.939381,0.627807,0.782089,1.0657299999999998,7.100833000000001,2016-04-19 00:48:19+00:00,2016-04-19 02:27:12+00:00
126,106,86890,14,170,468,80.525235,272.933588,0.627807,0.782089,1.068103,12.546667,2016-04-19 00:48:19+00:00,2016-04-19 02:27:12+00:00
127,106,86890,14,170,467,80.525894,272.932249,0.624841,0.786836,1.068697,11.82,2016-04-19 00:48:19+00:00,2016-04-19 02:27:12+00:00
128,106,86890,14,171,467,80.527889,272.928523,0.623654,0.7838689999999999,1.06751,12.492727,2016-04-19 00:48:19+00:00,2016-04-19 02:27:12+00:00
129,106,86890,14,171,466,80.530366,272.92467400000004,0.626621,0.778529,1.07107,8.935,2016-04-19 00:48:19+00:00,2016-04-19 02:27:12+00:00
130,106,86890,14,31,610,80.035715,272.998174,0.626239,0.772017,1.109129,7.641667,2016-04-19 00:48:19+00:00,2016-04-19 02:27:12+00:00
131,106,86890,14,32,610,80.03678199999999,272.984438,0.6317050000000001,0.772017,1.1066989999999999,7.373792999999999,2016-04-19 00:48:19+00:00,2016-04-19 02:27:12+00:00
132,106,86890,14,33,610,80.037878,272.97089500000004,0.629883,0.77141,1.103055,7.342105,2016-04-19 00:48:19+00:00,2016-04-19 02:27:12+00:00
133,106,86890,14,33,611,80.037989,272.96954900000003,0.628668,0.7677649999999999,1.1066989999999999,7.4527779999999995,2016-04-19 00:48:19+00:00,2016-04-19 02:27:12+00:00
134,106,86890,14,34,611,80.038981,272.95748399999997,0.625024,0.7774840000000001,1.10184,7.266333,2016-04-19 00:48:19+00:00,2016-04-19 02:27:12+00:00
135,106,86890,14,35,611,80.04006899999999,272.944145,0.627454,0.776269,1.098803,7.5042860000000005,2016-04-19 00:48:19+00:00,2016-04-19 02:27:12+00:00
136,106,86890,14,36,611,80.041134,272.93085099999996,0.630491,0.778699,1.090907,7.4875,2016-04-19 00:48:19+00:00,2016-04-19 02:27:12+00:00
137,106,86890,14,36,612,80.041451,272.926874,0.625024,0.7732319999999999,1.0884770000000001,7.732632000000001,2016-04-19 00:48:19+00:00,2016-04-19 02:27:12+00:00
138,106,86890,14,37,612,80.042294,272.916304,0.625631,0.780521,1.083618,7.713333,2016-04-19 00:48:19+00:00,2016-04-19 02:27:12+00:00
139,106,86890,14,38,612,80.043352,272.903194,0.627454,0.778091,1.077544,8.096452000000001,2016-04-19 00:48:19+00:00,2016-04-19 02:27:12+00:00
140,106,86890,14,46,612,80.056866,272.816587,0.6031569999999999,0.758047,1.044136,5.82,2016-04-19 00:48:19+00:00,2016-04-19 02:27:12+00:00
141,106,86890,14,48,612,80.061249,272.804229,0.58372,0.734965,0.9840030000000001,5.74,2016-04-19 00:48:19+00:00,2016-04-19 02:27:12+00:00
142,106,86890,14,48,611,80.061464,272.803733,0.60012,0.761691,1.039884,5.245455000000001,2016-04-19 00:48:19+00:00,2016-04-19 02:27:12+00:00
143,106,86890,14,49,611,80.06384399999999,272.798811,0.594654,0.755617,1.01741,5.63625,2016-04-19 00:48:19+00:00,2016-04-19 02:27:12+00:00
144,106,86890,14,49,610,80.066262,272.794871,0.601942,0.7677649999999999,1.053247,5.25,2016-04-19 00:48:19+00:00,2016-04-19 02:27:12+00:00
145,106,86890,14,50,610,80.066484,272.794561,0.598298,0.765336,1.041099,6.122308,2016-04-19 00:48:19+00:00,2016-04-19 02:27:12+00:00
146,106,86890,14,51,610,80.069388,272.79121200000003,0.6013350000000001,0.7574390000000001,1.0161950000000002,6.3375,2016-04-19 00:48:19+00:00,2016-04-19 02:27:12+00:00
147,106,86890,14,51,609,80.070289,272.790412,0.6086239999999999,0.776876,1.039884,6.08,2016-04-19 00:48:19+00:00,2016-04-19 02:27:12+00:00
148,106,86890,14,52,609,80.072781,272.788839,0.614698,0.7756609999999999,1.021662,5.302,2016-04-19 00:48:19+00:00,2016-04-19 02:27:12+00:00
149,106,86890,14,52,608,80.07391899999999,272.788419,0.617128,0.78538,1.0368469999999999,5.903,2016-04-19 00:48:19+00:00,2016-04-19 02:27:12+00:00
150,106,86890,14,53,608,80.0762,272.78803999999997,0.617128,0.779306,1.031988,5.882,2016-04-19 00:48:19+00:00,2016-04-19 02:27:12+00:00
151,106,86890,14,53,607,80.077341,272.788046,0.620772,0.78781,1.041707,5.9545449999999995,2016-04-19 00:48:19+00:00,2016-04-19 02:27:12+00:00
152,106,86890,14,54,607,80.079852,272.788323,0.6183420000000001,0.793884,1.042314,7.46,2016-04-19 00:48:19+00:00,2016-04-19 02:27:12+00:00
153,106,86890,14,54,606,80.080764,272.788463,0.624417,0.795706,1.045959,7.5433330000000005,2016-04-19 00:48:19+00:00,2016-04-19 02:27:12+00:00
154,106,86890,14,55,606,80.083502,272.788898,0.628668,0.796313,1.040492,7.455,2016-04-19 00:48:19+00:00,2016-04-19 02:27:12+00:00
155,106,86890,14,55,605,80.083958,272.788971,0.632313,0.8011729999999999,1.042921,7.184,2016-04-19 00:48:19+00:00,2016-04-19 02:27:12+00:00
156,106,86890,14,56,604,80.087376,272.78958900000003,0.634135,0.8096760000000001,1.039277,7.471429,2016-04-19 00:48:19+00:00,2016-04-19 02:27:12+00:00
157,106,86890,14,56,603,80.09056,272.79031000000003,0.6347430000000001,0.8096760000000001,1.03624,7.875,2016-04-19 00:48:19+00:00,2016-04-19 02:27:12+00:00
158,106,86890,14,57,603,80.091014,272.79041800000005,0.6347430000000001,0.8151430000000001,1.030166,7.54,2016-04-19 00:48:19+00:00,2016-04-19 02:27:12+00:00
159,106,86890,14,57,602,80.093737,272.791108,0.63535,0.810891,1.0338100000000001,8.082,2016-04-19 00:48:19+00:00,2016-04-19 02:27:12+00:00
160,106,86890,14,58,602,80.09486899999999,272.79141400000003,0.638387,0.813928,1.038062,7.885555999999999,2016-04-19 00:48:19+00:00,2016-04-19 02:27:12+00:00
161,106,86890,14,58,601,80.096906,272.791958,0.6365649999999999,0.8151430000000001,1.0338100000000001,8.68125,2016-04-19 00:48:19+00:00,2016-04-19 02:27:12+00:00
162,106,86890,14,59,601,80.098715,272.79239,0.6426390000000001,0.816358,1.039277,7.6485710000000005,2016-04-19 00:48:19+00:00,2016-04-19 02:27:12+00:00
163,106,86890,14,59,600,80.100296,272.792707,0.640817,0.813321,1.0435290000000002,7.784444000000001,2016-04-19 00:48:19+00:00,2016-04-19 02:27:12+00:00
164,106,86890,14,60,600,80.102326,272.792999,0.643246,0.8169649999999999,1.041099,8.266,2016-04-19 00:48:19+00:00,2016-04-19 02:27:12+00:00
165,106,86890,14,60,599,80.103453,272.793068,0.641424,0.8193950000000001,1.033203,7.02,2016-04-19 00:48:19+00:00,2016-04-19 02:27:12+00:00
166,106,86890,14,63,620,80.071464,272.557465,0.652965,0.8169649999999999,1.092122,6.893333,2016-04-19 00:48:19+00:00,2016-04-19 02:27:12+00:00
167,106,86890,14,163,469,80.511375,272.998675,0.6289939999999999,0.786836,1.044368,14.046,2016-04-19 00:48:19+00:00,2016-04-19 02:27:12+00:00
168,106,86890,14,164,469,80.511979,272.981976,0.634335,0.7856489999999999,1.045555,9.413333,2016-04-19 00:48:19+00:00,2016-04-19 02:27:12+00:00
169,106,86890,14,165,471,80.513102,272.948437,0.628401,0.7809020000000001,1.061576,10.55,2016-04-19 00:48:19+00:00,2016-04-19 02:27:12+00:00
170,106,86890,14,166,471,80.513159,272.94676,0.627214,0.782089,1.066323,7.884,2016-04-19 00:48:19+00:00,2016-04-19 02:27:12+00:00
171,106,86890,14,167,471,80.51373199999999,272.929999,0.626027,0.7856489999999999,1.06395,7.0,2016-04-19 00:48:19+00:00,2016-04-19 02:27:12+00:00
172,106,86890,14,167,472,80.514104,272.919982,0.627214,0.7850560000000001,1.065136,8.65,2016-04-19 00:48:19+00:00,2016-04-19 02:27:12+00:00
173,106,86890,14,168,472,80.514372,272.913338,0.6289939999999999,0.784463,1.060983,6.558,2016-04-19 00:48:19+00:00,2016-04-19 02:27:12+00:00
174,106,86890,14,188,467,80.55574200000001,272.736654,0.635522,0.7880229999999999,1.092432,6.33,2016-04-19 00:48:19+00:00,2016-04-19 02:27:12+00:00
175,106,86890,14,188,466,80.55848,272.74072,0.636115,0.7850560000000001,1.09896,7.175,2016-04-19 00:48:19+00:00,2016-04-19 02:27:12+00:00
176,106,86890,14,189,466,80.560287,272.744078,0.637302,0.78743,1.1025200000000002,6.795,2016-04-19 00:48:19+00:00,2016-04-19 02:27:12+00:00
177,106,86890,14,189,465,80.561183,272.745949,0.634335,0.7880229999999999,1.1025200000000002,9.365556,2016-04-19 00:48:19+00:00,2016-04-19 02:27:12+00:00
178,106,86890,14,88,556,80.229108,272.93253799999997,0.6129220000000001,0.770205,1.124992,6.88,2016-04-19 00:48:19+00:00,2016-04-19 02:27:12+00:00
179,106,86890,14,101,544,80.272435,272.894829,0.610521,0.7780090000000001,1.12079,7.226667,2016-04-19 00:48:19+00:00,2016-04-19 02:27:12+00:00
180,106,86890,14,117,533,80.319372,272.852006,0.611121,0.7900159999999999,1.107583,7.5033330000000005,2016-04-19 00:48:19+00:00,2016-04-19 02:27:12+00:00
181,106,86890,14,125,525,80.346994,272.827406,0.611722,0.783412,1.099178,8.776667,2016-04-19 00:48:19+00:00,2016-04-19 02:27:12+00:00
182,106,86890,14,132,521,80.365864,272.809977,0.606865,0.750038,1.0870540000000002,10.447142999999999,2016-04-19 00:48:19+00:00,2016-04-19 02:27:12+00:00
183,106,86890,14,132,520,80.366412,272.809472,0.612757,0.755341,1.079395,9.436296,2016-04-19 00:48:19+00:00,2016-04-19 02:27:12+00:00
184,106,86890,14,133,520,80.36915,272.806925,0.612168,0.755341,1.081752,8.875333,2016-04-19 00:48:19+00:00,2016-04-19 02:27:12+00:00
185,106,86890,14,133,519,80.37051899999999,272.80565,0.615114,0.7565189999999999,1.072914,8.986087,2016-04-19 00:48:19+00:00,2016-04-19 02:27:12+00:00
186,106,86890,14,134,519,80.372163,272.80412,0.6162920000000001,0.7565189999999999,1.0752709999999999,9.965625,2016-04-19 00:48:19+00:00,2016-04-19 02:27:12+00:00
187,106,86890,14,134,518,80.37435500000001,272.802109,0.6210060000000001,0.757108,1.072914,9.334166999999999,2016-04-19 00:48:19+00:00,2016-04-19 02:27:12+00:00
188,106,86890,14,135,518,80.37517700000001,272.80136699999997,0.61747,0.758287,1.074681,9.501136,2016-04-19 00:48:19+00:00,2016-04-19 02:27:12+00:00
189,106,86890,14,135,517,80.37819300000001,272.798684,0.620416,0.760054,1.071146,8.86,2016-04-19 00:48:19+00:00,2016-04-19 02:27:12+00:00
190,106,86890,14,136,517,80.378467,272.798443,0.6162920000000001,0.7565189999999999,1.074092,9.199318,2016-04-19 00:48:19+00:00,2016-04-19 02:27:12+00:00
191,106,86890,14,137,517,80.381485,272.795755,0.6162920000000001,0.7535729999999999,1.0776270000000001,10.395833,2016-04-19 00:48:19+00:00,2016-04-19 02:27:12+00:00
192,106,86890,14,137,516,80.382307,272.795009,0.61747,0.757108,1.074681,9.793548,2016-04-19 00:48:19+00:00,2016-04-19 02:27:12+00:00
193,106,86890,14,138,516,80.3845,272.792979,0.618649,0.762411,1.069968,9.3516,2016-04-19 00:48:19+00:00,2016-04-19 02:27:12+00:00
194,106,86890,14,138,515,80.386143,272.791421,0.619827,0.7641789999999999,1.071146,9.8475,2016-04-19 00:48:19+00:00,2016-04-19 02:27:12+00:00
195,106,86890,14,139,515,80.387786,272.789828,0.618649,0.767125,1.067611,9.153243,2016-04-19 00:48:19+00:00,2016-04-19 02:27:12+00:00
196,106,86890,14,139,514,80.389975,272.78767,0.6162920000000001,0.765946,1.072325,10.26,2016-04-19 00:48:19+00:00,2016-04-19 02:27:12+00:00
197,106,86890,14,140,514,80.390796,272.786855,0.620416,0.765946,1.0682,9.481817999999999,2016-04-19 00:48:19+00:00,2016-04-19 02:27:12+00:00
198,106,86890,14,141,514,80.393807,272.78389500000003,0.620416,0.764768,1.069968,9.924,2016-04-19 00:48:19+00:00,2016-04-19 02:27:12+00:00
199,106,86890,14,141,513,80.394081,272.783629,0.624541,0.765946,1.0682,9.012821,2016-04-19 00:48:19+00:00,2016-04-19 02:27:12+00:00
200,106,86890,14,142,513,80.39681999999999,272.780979,0.623362,0.765946,1.068789,8.33125,2016-04-19 00:48:19+00:00,2016-04-19 02:27:12+00:00
201,106,86890,14,142,512,80.39791600000001,272.779926,0.622184,0.764768,1.068789,8.986207,2016-04-19 00:48:19+00:00,2016-04-19 02:27:12+00:00
202,106,86890,14,143,512,80.40010799999999,272.77781400000003,0.620416,0.762411,1.066433,9.491724000000001,2016-04-19 00:48:19+00:00,2016-04-19 02:27:12+00:00
203,106,86890,14,143,511,80.402027,272.775977,0.625434,0.767848,1.0704770000000001,9.298125,2016-04-19 00:48:19+00:00,2016-04-19 02:27:12+00:00
204,106,86890,14,144,511,80.403124,272.774941,0.625434,0.771408,1.068103,8.93875,2016-04-19 00:48:19+00:00,2016-04-19 02:27:12+00:00
205,106,86890,14,144,510,80.405866,272.77242,0.628401,0.773782,1.06751,12.6,2016-04-19 00:48:19+00:00,2016-04-19 02:27:12+00:00
206,106,86890,14,145,510,80.406141,272.772173,0.6289939999999999,0.773188,1.060389,9.395111,2016-04-19 00:48:19+00:00,2016-04-19 02:27:12+00:00
207,106,86890,14,146,510,80.40915799999999,272.769475,0.627807,0.776155,1.062763,8.883333,2016-04-19 00:48:19+00:00,2016-04-19 02:27:12+00:00
208,106,86890,14,146,509,80.409707,272.768986,0.627214,0.779716,1.058016,9.219744,2016-04-19 00:48:19+00:00,2016-04-19 02:27:12+00:00
209,106,86890,14,147,509,80.412448,272.76656299999996,0.6289939999999999,0.778529,1.0657299999999998,8.6675,2016-04-19 00:48:19+00:00,2016-04-19 02:27:12+00:00
210,106,86890,14,147,508,80.413545,272.76559,0.6289939999999999,0.778529,1.06217,8.6275,2016-04-19 00:48:19+00:00,2016-04-19 02:27:12+00:00
211,106,86890,14,148,508,80.415463,272.763866,0.629588,0.779716,1.0657299999999998,8.854,2016-04-19 00:48:19+00:00,2016-04-19 02:27:12+00:00
212,106,86890,14,148,507,80.417654,272.761875,0.624247,0.779122,1.060983,8.793571,2016-04-19 00:48:19+00:00,2016-04-19 02:27:12+00:00
213,106,86890,14,149,507,80.418749,272.760878,0.626621,0.779122,1.0574219999999999,9.745714,2016-04-19 00:48:19+00:00,2016-04-19 02:27:12+00:00
214,106,86890,14,149,506,80.421487,272.758403,0.624247,0.7809020000000001,1.0592030000000001,9.07,2016-04-19 00:48:19+00:00,2016-04-19 02:27:12+00:00
215,106,86890,14,150,506,80.421761,272.758158,0.628401,0.777342,1.056236,10.184091,2016-04-19 00:48:19+00:00,2016-04-19 02:27:12+00:00
216,106,86890,14,151,506,80.42477199999999,272.755473,0.626027,0.778529,1.056829,8.202222,2016-04-19 00:48:19+00:00,2016-04-19 02:27:12+00:00
217,106,86890,14,151,505,80.42531899999999,272.75498,0.624841,0.782089,1.055642,8.763428999999999,2016-04-19 00:48:19+00:00,2016-04-19 02:27:12+00:00
218,106,86890,14,152,505,80.428053,272.75248,0.620093,0.779716,1.059796,8.881739,2016-04-19 00:48:19+00:00,2016-04-19 02:27:12+00:00
219,106,86890,14,152,504,80.429419,272.751211,0.6159399999999999,0.779122,1.06217,10.077727000000001,2016-04-19 00:48:19+00:00,2016-04-19 02:27:12+00:00
220,106,86890,14,153,504,80.431057,272.749682,0.622467,0.775562,1.0592030000000001,9.915882,2016-04-19 00:48:19+00:00,2016-04-19 02:27:12+00:00
221,106,86890,14,153,503,80.43324100000001,272.747629,0.6195,0.772001,1.058609,7.760909,2016-04-19 00:48:19+00:00,2016-04-19 02:27:12+00:00
222,106,86890,14,154,503,80.43406,272.746855,0.622467,0.774968,1.058016,9.365909,2016-04-19 00:48:19+00:00,2016-04-19 02:27:12+00:00
223,106,86890,14,154,502,80.437061,272.744,0.616533,0.776155,1.056829,8.07,2016-04-19 00:48:19+00:00,2016-04-19 02:27:12+00:00
224,106,86890,14,155,502,80.437333,272.74374,0.616533,0.776749,1.053862,9.156444,2016-04-19 00:48:19+00:00,2016-04-19 02:27:12+00:00
225,106,86890,14,156,502,80.440334,272.740907,0.618907,0.774375,1.052082,9.665,2016-04-19 00:48:19+00:00,2016-04-19 02:27:12+00:00
226,106,86890,14,156,501,80.441153,272.740144,0.6177199999999999,0.774968,1.049115,7.641514999999999,2016-04-19 00:48:19+00:00,2016-04-19 02:27:12+00:00
227,106,86890,14,157,501,80.443609,272.737856,0.6171260000000001,0.777342,1.0473350000000001,9.436364,2016-04-19 00:48:19+00:00,2016-04-19 02:27:12+00:00
228,106,86890,14,157,500,80.44497199999999,272.736582,0.618907,0.776155,1.051489,11.985455,2016-04-19 00:48:19+00:00,2016-04-19 02:27:12+00:00
229,106,86890,14,158,500,80.446608,272.735045,0.6218739999999999,0.779122,1.051489,8.131714,2016-04-19 00:48:19+00:00,2016-04-19 02:27:12+00:00
230,106,86890,14,158,499,80.449061,272.732735,0.6230600000000001,0.773782,1.053862,9.02,2016-04-19 00:48:19+00:00,2016-04-19 02:27:12+00:00
231,106,86890,14,159,499,80.449606,272.732223,0.618907,0.776749,1.052082,7.820444,2016-04-19 00:48:19+00:00,2016-04-19 02:27:12+00:00
232,106,86890,14,160,498,80.452876,272.72913900000003,0.6177199999999999,0.774375,1.053862,9.197907,2016-04-19 00:48:19+00:00,2016-04-19 02:27:12+00:00
233,106,86890,14,161,498,80.455871,272.726276,0.6218739999999999,0.782682,1.053269,9.762308,2016-04-19 00:48:19+00:00,2016-04-19 02:27:12+00:00
234,106,86890,14,161,497,80.456688,272.725497,0.6195,0.774968,1.052675,9.137188,2016-04-19 00:48:19+00:00,2016-04-19 02:27:12+00:00
235,106,86890,14,162,497,80.458867,272.723429,0.6195,0.771408,1.050302,8.897917,2016-04-19 00:48:19+00:00,2016-04-19 02:27:12+00:00
236,106,86890,14,162,496,80.460773,272.72162599999996,0.620687,0.773782,1.054455,8.935714,2016-04-19 00:48:19+00:00,2016-04-19 02:27:12+00:00
237,106,86890,14,163,496,80.46213399999999,272.72033999999996,0.618313,0.773782,1.059796,8.206571,2016-04-19 00:48:19+00:00,2016-04-19 02:27:12+00:00
238,106,86890,14,163,495,80.464586,272.718049,0.620093,0.7708149999999999,1.058609,8.732222,2016-04-19 00:48:19+00:00,2016-04-19 02:27:12+00:00
239,106,86890,14,164,495,80.465131,272.717539,0.614753,0.772001,1.056236,7.863778,2016-04-19 00:48:19+00:00,2016-04-19 02:27:12+00:00
240,106,86890,14,165,495,80.468399,272.714516,0.618313,0.7809020000000001,1.0461479999999999,7.835,2016-04-19 00:48:19+00:00,2016-04-19 02:27:12+00:00
241,106,86890,14,165,494,80.468672,272.714266,0.6218739999999999,0.780309,1.053862,12.262051,2016-04-19 00:48:19+00:00,2016-04-19 02:27:12+00:00
242,106,86890,14,166,494,80.471396,272.71180400000003,0.618907,0.786243,1.047928,15.296470999999999,2016-04-19 00:48:19+00:00,2016-04-19 02:27:12+00:00
243,106,86890,14,166,493,80.472486,272.710828,0.6230600000000001,0.784463,1.0461479999999999,13.043636,2016-04-19 00:48:19+00:00,2016-04-19 02:27:12+00:00
244,106,86890,14,167,493,80.474393,272.709119,0.616533,0.7856489999999999,1.043181,12.150476,2016-04-19 00:48:19+00:00,2016-04-19 02:27:12+00:00
245,106,86890,14,167,492,80.476298,272.707404,0.6171260000000001,0.7809020000000001,1.052675,10.690769,2016-04-19 00:48:19+00:00,2016-04-19 02:27:12+00:00
246,106,86890,14,168,492,80.47765799999999,272.70618199999996,0.622467,0.7850560000000001,1.047928,9.89,2016-04-19 00:48:19+00:00,2016-04-19 02:27:12+00:00
247,106,86890,14,168,491,80.480374,272.703768,0.6171260000000001,0.7809020000000001,1.058609,10.385,2016-04-19 00:48:19+00:00,2016-04-19 02:27:12+00:00
248,106,86890,14,169,491,80.480645,272.703529,0.618313,0.782089,1.060983,7.993696000000001,2016-04-19 00:48:19+00:00,2016-04-19 02:27:12+00:00
249,106,86890,14,170,491,80.483886,272.700687,0.6177199999999999,0.79099,1.041401,8.473333,2016-04-19 00:48:19+00:00,2016-04-19 02:27:12+00:00
250,106,86890,14,170,490,80.484155,272.700447,0.623654,0.7850560000000001,1.059796,10.451025999999999,2016-04-19 00:48:19+00:00,2016-04-19 02:27:12+00:00
251,106,86890,14,171,490,80.487099,272.697733,0.623654,0.79455,1.0461479999999999,9.031053,2016-04-19 00:48:19+00:00,2016-04-19 02:27:12+00:00
252,106,86890,14,171,489,80.488162,272.696713,0.626027,0.7850560000000001,1.055642,10.69,2016-04-19 00:48:19+00:00,2016-04-19 02:27:12+00:00
253,106,86890,14,172,489,80.490012,272.6949,0.630774,0.792177,1.050302,18.73,2016-04-19 00:48:19+00:00,2016-04-19 02:27:12+00:00
254,106,86890,14,172,488,80.492114,272.692836,0.630774,0.788616,1.055642,9.805,2016-04-19 00:48:19+00:00,2016-04-19 02:27:12+00:00
255,106,86890,14,173,488,80.49315899999999,272.691818,0.636115,0.79277,1.050302,11.193721,2016-04-19 00:48:19+00:00,2016-04-19 02:27:12+00:00
256,106,86890,14,173,487,80.49601700000001,272.68906400000003,0.628401,0.78743,1.0461479999999999,9.23,2016-04-19 00:48:19+00:00,2016-04-19 02:27:12+00:00
257,106,86890,14,174,487,80.496275,272.688817,0.632555,0.795737,1.045555,17.444222,2016-04-19 00:48:19+00:00,2016-04-19 02:27:12+00:00
258,106,86890,14,175,487,80.49936,272.685844,0.637302,0.799297,1.044961,37.812,2016-04-19 00:48:19+00:00,2016-04-19 02:27:12+00:00
259,106,86890,14,175,486,80.499871,272.685348,0.630774,0.795737,1.044961,16.933529,2016-04-19 00:48:19+00:00,2016-04-19 02:27:12+00:00
260,106,86890,14,176,486,80.502413,272.682865,0.632555,0.796924,1.047928,16.215652,2016-04-19 00:48:19+00:00,2016-04-19 02:27:12+00:00
261,106,86890,14,176,485,80.503675,272.681642,0.629588,0.792177,1.055049,23.804545,2016-04-19 00:48:19+00:00,2016-04-19 02:27:12+00:00
262,106,86890,14,177,485,80.50543499999999,272.679958,0.632555,0.796924,1.053269,30.292432,2016-04-19 00:48:19+00:00,2016-04-19 02:27:12+00:00
263,106,86890,14,177,484,80.50768199999999,272.677818,0.630181,0.796924,1.061576,32.104,2016-04-19 00:48:19+00:00,2016-04-19 02:27:12+00:00
264,106,86890,14,178,484,80.508675,272.676875,0.631368,0.798111,1.055642,24.161111,2016-04-19 00:48:19+00:00,2016-04-19 02:27:12+00:00
265,106,86890,14,179,483,80.51163299999999,272.674035,0.631368,0.793957,1.06751,12.898810000000001,2016-04-19 00:48:19+00:00,2016-04-19 02:27:12+00:00
266,106,86890,14,180,483,80.514802,272.67087200000003,0.632555,0.79099,1.06929,8.00375,2016-04-19 00:48:19+00:00,2016-04-19 02:27:12+00:00
267,106,86890,14,180,482,80.515528,272.67012400000004,0.633741,0.7880229999999999,1.076411,6.985,2016-04-19 00:48:19+00:00,2016-04-19 02:27:12+00:00
268,106,86890,14,181,482,80.517933,272.667571,0.634335,0.790397,1.071664,7.124,2016-04-19 00:48:19+00:00,2016-04-19 02:27:12+00:00
269,106,86890,14,181,481,80.519603,272.665725,0.632555,0.7892100000000001,1.072851,7.184,2016-04-19 00:48:19+00:00,2016-04-19 02:27:12+00:00
270,106,86890,14,182,481,80.52079,272.66438999999997,0.6331479999999999,0.791583,1.073444,12.567674,2016-04-19 00:48:19+00:00,2016-04-19 02:27:12+00:00
271,106,86890,14,182,480,80.523619,272.661205,0.631368,0.792177,1.075224,7.77,2016-04-19 00:48:19+00:00,2016-04-19 02:27:12+00:00
272,106,86890,14,183,480,80.523854,272.660945,0.631961,0.792177,1.078191,8.626596000000001,2016-04-19 00:48:19+00:00,2016-04-19 02:27:12+00:00
273,106,86890,14,184,480,80.526885,272.65749,0.633741,0.792177,1.076411,7.10125,2016-04-19 00:48:19+00:00,2016-04-19 02:27:12+00:00
274,106,86890,14,64,575,80.154611,272.998701,0.639937,0.79782,1.0661610000000001,7.84,2016-04-19 00:48:19+00:00,2016-04-19 02:27:12+00:00
275,106,86890,14,200,482,80.55038,272.455828,0.630285,0.778828,1.068922,7.427,2016-04-19 00:48:19+00:00,2016-04-19 02:27:12+00:00
276,106,86890,14,200,483,80.549952,272.441546,0.627955,0.781158,1.063679,8.24,2016-04-19 00:48:19+00:00,2016-04-19 02:27:12+00:00
277,106,86890,14,201,483,80.549904,272.44012200000003,0.62912,0.781158,1.067757,7.917273,2016-04-19 00:48:19+00:00,2016-04-19 02:27:12+00:00
278,106,86890,14,201,484,80.549329,272.424514,0.62679,0.782323,1.060767,7.911428999999999,2016-04-19 00:48:19+00:00,2016-04-19 02:27:12+00:00
279,106,86890,14,202,484,80.54894499999999,272.414605,0.627373,0.78174,1.062514,7.908333,2016-04-19 00:48:19+00:00,2016-04-19 02:27:12+00:00
280,106,86890,14,202,485,80.548615,272.40612000000004,0.630868,0.778245,1.070087,8.5325,2016-04-19 00:48:19+00:00,2016-04-19 02:27:12+00:00
281,106,86890,14,203,486,80.547943,272.389188,0.627955,0.780575,1.077077,8.681538,2016-04-19 00:48:19+00:00,2016-04-19 02:27:12+00:00
282,106,86890,14,203,487,80.54720400000001,272.3709,0.6326149999999999,0.779993,1.069505,11.351666999999999,2016-04-19 00:48:19+00:00,2016-04-19 02:27:12+00:00
283,106,86890,14,204,487,80.54688,272.362456,0.632033,0.779993,1.071835,9.328,2016-04-19 00:48:19+00:00,2016-04-19 02:27:12+00:00
284,106,86890,14,220,475,80.596239,272.31125499999996,0.6366930000000001,0.78174,1.102708,10.24,2016-04-19 00:48:19+00:00,2016-04-19 02:27:12+00:00
285,106,86890,14,220,474,80.596267,272.312679,0.633781,0.782323,1.111446,11.47,2016-04-19 00:48:19+00:00,2016-04-19 02:27:12+00:00
286,106,86890,14,219,474,80.596294,272.314103,0.634946,0.780575,1.106203,6.404286,2016-04-19 00:48:19+00:00,2016-04-19 02:27:12+00:00
287,106,86890,14,219,473,80.596519,272.334205,0.63145,0.77708,1.108533,6.0,2016-04-19 00:48:19+00:00,2016-04-19 02:27:12+00:00
288,106,86890,14,218,473,80.596525,272.33565,0.627955,0.7759149999999999,1.105621,6.217143,2016-04-19 00:48:19+00:00,2016-04-19 02:27:12+00:00
289,106,86890,14,217,472,80.59645400000001,272.355959,0.625625,0.7764979999999999,1.108533,6.683846000000001,2016-04-19 00:48:19+00:00,2016-04-19 02:27:12+00:00
290,106,86890,14,216,472,80.59615,272.374853,0.627373,0.7741680000000001,1.106786,6.818,2016-04-19 00:48:19+00:00,2016-04-19 02:27:12+00:00
291,106,86890,14,216,471,80.595975,272.382106,0.6238779999999999,0.77242,1.110863,6.757142999999999,2016-04-19 00:48:19+00:00,2016-04-19 02:27:12+00:00
292,106,86890,14,215,471,80.595682,272.39223799999996,0.6232949999999999,0.7753329999999999,1.1079510000000001,7.125833,2016-04-19 00:48:19+00:00,2016-04-19 02:27:12+00:00
293,106,86890,14,214,471,80.595045,272.409511,0.62446,0.7764979999999999,1.1044559999999999,8.77,2016-04-19 00:48:19+00:00,2016-04-19 02:27:12+00:00
294,106,86890,14,214,470,80.594984,272.410942,0.620965,0.7741680000000001,1.1096979999999999,8.345,2016-04-19 00:48:19+00:00,2016-04-19 02:27:12+00:00
295,106,86890,14,213,470,80.594297,272.425159,0.621548,0.77242,1.1073680000000001,8.811817999999999,2016-04-19 00:48:19+00:00,2016-04-19 02:27:12+00:00
296,106,86890,14,212,470,80.593397,272.440577,0.625043,0.773003,1.1044559999999999,5.67,2016-04-19 00:48:19+00:00,2016-04-19 02:27:12+00:00
297,106,86890,14,212,469,80.593132,272.444746,0.6232949999999999,0.7735850000000001,1.116689,5.75875,2016-04-19 00:48:19+00:00,2016-04-19 02:27:12+00:00
298,106,86890,14,211,469,80.592384,272.455787,0.6232949999999999,0.7700899999999999,1.1120290000000002,5.659,2016-04-19 00:48:19+00:00,2016-04-19 02:27:12+00:00
299,106,86890,14,210,469,80.59135699999999,272.469387,0.622713,0.771837,1.109116,6.104545,2016-04-19 00:48:19+00:00,2016-04-19 02:27:12+00:00
300,106,86890,14,209,469,80.590102,272.484036,0.6232949999999999,0.771255,1.109116,5.645714,2016-04-19 00:48:19+00:00,2016-04-19 02:27:12+00:00
301,106,86890,14,209,468,80.58923,272.493152,0.61747,0.773003,1.114359,5.92,2016-04-19 00:48:19+00:00,2016-04-19 02:27:12+00:00
302,106,86890,14,208,468,80.58884,272.497006,0.620965,0.773003,1.106786,6.678333,2016-04-19 00:48:19+00:00,2016-04-19 02:27:12+00:00
303,106,86890,14,207,468,80.587314,272.510817,0.6221300000000001,0.777663,1.102708,7.702222,2016-04-19 00:48:19+00:00,2016-04-19 02:27:12+00:00
304,106,86890,14,206,468,80.585952,272.521704,0.621548,0.7700899999999999,1.103291,8.986,2016-04-19 00:48:19+00:00,2016-04-19 02:27:12+00:00
305,106,86890,14,205,468,80.584345,272.533458,0.6238779999999999,0.771255,1.100378,8.038,2016-04-19 00:48:19+00:00,2016-04-19 02:27:12+00:00
306,106,86890,14,204,468,80.582674,272.544999,0.625043,0.773003,1.09397,6.097143,2016-04-19 00:48:19+00:00,2016-04-19 02:27:12+00:00
307,106,86890,14,200,469,80.574096,272.589425,0.6238779999999999,0.7753329999999999,1.076495,11.2875,2016-04-19 00:48:19+00:00,2016-04-19 02:27:12+00:00
308,106,86890,14,199,469,80.573215,272.59279100000003,0.626208,0.773003,1.07766,11.516,2016-04-19 00:48:19+00:00,2016-04-19 02:27:12+00:00
309,106,86890,14,198,469,80.57095799999999,272.600781,0.62912,0.7741680000000001,1.084068,8.267,2016-04-19 00:48:19+00:00,2016-04-19 02:27:12+00:00
310,106,86890,14,197,469,80.568639,272.608238,0.628538,0.77475,1.085233,10.79,2016-04-19 00:48:19+00:00,2016-04-19 02:27:12+00:00
311,106,86890,14,197,470,80.568169,272.60967,0.626208,0.778245,1.0817379999999999,13.1575,2016-04-19 00:48:19+00:00,2016-04-19 02:27:12+00:00
312,106,86890,14,196,470,80.566266,272.615224,0.628538,0.781158,1.0823200000000002,6.604,2016-04-19 00:48:19+00:00,2016-04-19 02:27:12+00:00
313,106,86890,14,195,470,80.563839,272.621673,0.628538,0.778245,1.0811549999999999,6.858,2016-04-19 00:48:19+00:00,2016-04-19 02:27:12+00:00
314,106,86890,14,192,473,80.552446,272.6385,0.62912,0.77708,1.071252,7.71,2016-04-19 00:48:19+00:00,2016-04-19 02:27:12+00:00
315,106,86890,14,191,473,80.552177,272.638633,0.639675,0.79277,1.0900590000000001,7.63,2016-04-19 00:48:19+00:00,2016-04-19 02:27:12+00:00
316,106,86890,14,191,474,80.550292,272.639323,0.641455,0.793957,1.085312,7.894614999999999,2016-04-19 00:48:19+00:00,2016-04-19 02:27:12+00:00
317,106,86890,14,190,474,80.54894200000001,272.639667,0.639675,0.793957,1.085905,10.032143,2016-04-19 00:48:19+00:00,2016-04-19 02:27:12+00:00
318,106,86890,14,190,475,80.546775,272.64020899999997,0.640269,0.7933640000000001,1.083532,7.358,2016-04-19 00:48:19+00:00,2016-04-19 02:27:12+00:00
319,106,86890,14,189,475,80.545419,272.640645,0.641455,0.790397,1.076411,7.340625,2016-04-19 00:48:19+00:00,2016-04-19 02:27:12+00:00
320,106,86890,14,189,476,80.543246,272.64156,0.6390819999999999,0.79099,1.075818,7.200769,2016-04-19 00:48:19+00:00,2016-04-19 02:27:12+00:00
321,106,86890,14,188,476,80.542159,272.64212200000003,0.6367079999999999,0.793957,1.078784,7.264761999999999,2016-04-19 00:48:19+00:00,2016-04-19 02:27:12+00:00
322,106,86890,14,188,477,80.539443,272.64386,0.6349279999999999,0.792177,1.0823450000000001,6.79,2016-04-19 00:48:19+00:00,2016-04-19 02:27:12+00:00
323,106,86890,14,187,477,80.5389,272.644272,0.635522,0.7933640000000001,1.078784,7.713636,2016-04-19 00:48:19+00:00,2016-04-19 02:27:12+00:00
324,106,86890,14,186,478,80.535648,272.647198,0.635522,0.7933640000000001,1.077598,8.414211,2016-04-19 00:48:19+00:00,2016-04-19 02:27:12+00:00
325,106,86890,14,185,478,80.532673,272.65039,0.6331479999999999,0.791583,1.076411,8.553846,2016-04-19 00:48:19+00:00,2016-04-19 02:27:12+00:00
326,106,86890,14,185,479,80.531591,272.651609,0.6349279999999999,0.7898029999999999,1.077598,8.151765,2016-04-19 00:48:19+00:00,2016-04-19 02:27:12+00:00
327,106,86890,14,184,479,80.52969499999999,272.65376499999996,0.632555,0.788616,1.079971,7.403846000000001,2016-04-19 00:48:19+00:00,2016-04-19 02:27:12+00:00
328,106,86890,14,179,484,80.51158199999999,272.672444,0.6331479999999999,0.797517,1.056829,8.8125,2016-04-19 00:48:19+00:00,2016-04-19 02:27:12+00:00
329,106,86890,14,174,488,80.49596600000001,272.687569,0.6349279999999999,0.798111,1.052675,11.08,2016-04-19 00:48:19+00:00,2016-04-19 02:27:12+00:00
330,106,86890,14,131,522,80.36256,272.812129,0.603919,0.752395,1.086465,8.75,2016-04-19 00:48:19+00:00,2016-04-19 02:27:12+00:00
331,106,86890,14,112,537,80.30377,272.865762,0.611121,0.777409,1.1129850000000001,8.03,2016-04-19 00:48:19+00:00,2016-04-19 02:27:12+00:00
332,106,86890,14,38,613,80.044108,272.889874,0.621987,0.7732319999999999,1.070255,7.46,2016-04-19 00:48:19+00:00,2016-04-19 02:27:12+00:00
333,106,86890,14,39,613,80.044225,272.888463,0.620165,0.767158,1.069647,7.924286,2016-04-19 00:48:19+00:00,2016-04-19 02:27:12+00:00
334,106,86890,14,40,613,80.045334,272.875912,0.617128,0.761691,1.065396,6.737,2016-04-19 00:48:19+00:00,2016-04-19 02:27:12+00:00
335,106,86890,14,41,613,80.046673,272.862341,0.611661,0.755617,1.0599290000000001,7.048571000000001,2016-04-19 00:48:19+00:00,2016-04-19 02:27:12+00:00
336,106,86890,14,44,613,80.05194300000001,272.821427,0.5770390000000001,0.730106,1.008907,5.9125,2016-04-19 00:48:19+00:00,2016-04-19 02:27:12+00:00
337,106,86890,14,45,613,80.052666,272.816906,0.5582090000000001,0.709454,0.974892,6.058333,2016-04-19 00:48:19+00:00,2016-04-19 02:27:12+00:00
338,106,86890,14,54,610,80.0747,272.742482,0.433083,0.705809,0.85341,10.97,2016-04-19 00:48:19+00:00,2016-04-19 02:27:12+00:00
339,106,86890,14,57,608,80.08264100000001,272.73488,0.629883,0.794491,1.0447440000000001,5.505,2016-04-19 00:48:19+00:00,2016-04-19 02:27:12+00:00
340,106,86890,14,58,608,80.084251,272.73419900000005,0.633528,0.798743,1.041707,5.417143,2016-04-19 00:48:19+00:00,2016-04-19 02:27:12+00:00
341,106,86890,14,58,607,80.086134,272.733731,0.634135,0.8090689999999999,1.035025,6.623333000000001,2016-04-19 00:48:19+00:00,2016-04-19 02:27:12+00:00
342,106,86890,14,59,607,80.087751,272.73361,0.63535,0.81575,1.0325959999999998,7.5433330000000005,2016-04-19 00:48:19+00:00,2016-04-19 02:27:12+00:00
343,106,86890,14,59,606,80.08937,272.73372,0.6329199999999999,0.81575,1.027736,7.36,2016-04-19 00:48:19+00:00,2016-04-19 02:27:12+00:00
344,106,86890,14,60,606,80.091528,272.734131,0.6371720000000001,0.821825,1.027736,8.522,2016-04-19 00:48:19+00:00,2016-04-19 02:27:12+00:00
345,106,86890,14,60,605,80.092878,272.734489,0.63778,0.8193950000000001,1.029558,8.202222,2016-04-19 00:48:19+00:00,2016-04-19 02:27:12+00:00
346,106,86890,14,61,605,80.095308,272.735231,0.638994,0.8169649999999999,1.033203,8.665,2016-04-19 00:48:19+00:00,2016-04-19 02:27:12+00:00
347,106,86890,14,61,604,80.095849,272.73539700000003,0.640817,0.821217,1.034418,8.196,2016-04-19 00:48:19+00:00,2016-04-19 02:27:12+00:00
348,106,86890,14,62,603,80.100447,272.736039,0.640817,0.820002,1.039277,7.54875,2016-04-19 00:48:19+00:00,2016-04-19 02:27:12+00:00
349,106,86890,14,45,614,80.050924,272.806366,0.346223,0.526624,0.7027720000000001,5.6,2016-04-19 00:48:19+00:00,2016-04-19 02:27:12+00:00
350,106,86890,14,44,614,80.050703,272.808979,0.40331999999999996,0.579468,0.791454,5.35375,2016-04-19 00:48:19+00:00,2016-04-19 02:27:12+00:00
351,106,86890,14,43,614,80.049598,272.822096,0.484105,0.634135,0.8989659999999999,6.3085,2016-04-19 00:48:19+00:00,2016-04-19 02:27:12+00:00
352,106,86890,14,42,614,80.04854,272.835387,0.5296609999999999,0.680906,0.9761059999999999,7.254444,2016-04-19 00:48:19+00:00,2016-04-19 02:27:12+00:00
353,106,86890,14,42,613,80.047646,272.847557,0.6092310000000001,0.7550100000000001,1.05264,7.75,2016-04-19 00:48:19+00:00,2016-04-19 02:27:12+00:00
354,106,86890,14,39,612,80.045082,272.884732,0.628061,0.7732319999999999,1.0757219999999998,8.319286,2016-04-19 00:48:19+00:00,2016-04-19 02:27:12+00:00
355,106,86890,14,161,472,80.502569,272.988819,0.6230600000000001,0.783276,1.0473350000000001,7.207,2016-04-19 00:48:19+00:00,2016-04-19 02:27:12+00:00
356,106,86890,14,162,472,80.503621,272.975475,0.6230600000000001,0.776155,1.053862,9.706364,2016-04-19 00:48:19+00:00,2016-04-19 02:27:12+00:00
357,106,86890,14,163,472,80.50474200000001,272.960767,0.625434,0.779716,1.058016,8.4,2016-04-19 00:48:19+00:00,2016-04-19 02:27:12+00:00
358,106,86890,14,163,473,80.504944,272.958094,0.626621,0.779716,1.052082,7.35,2016-04-19 00:48:19+00:00,2016-04-19 02:27:12+00:00
359,106,86890,14,164,473,80.505845,272.946086,0.6230600000000001,0.782682,1.053862,9.678182000000001,2016-04-19 00:48:19+00:00,2016-04-19 02:27:12+00:00
360,106,86890,14,165,473,80.50694200000001,272.931466,0.6218739999999999,0.784463,1.052675,13.493,2016-04-19 00:48:19+00:00,2016-04-19 02:27:12+00:00
361,106,86890,14,166,473,80.507947,272.918266,0.6230600000000001,0.781496,1.059796,10.843333,2016-04-19 00:48:19+00:00,2016-04-19 02:27:12+00:00
362,106,86890,14,166,474,80.50825,272.914324,0.622467,0.780309,1.056829,6.74625,2016-04-19 00:48:19+00:00,2016-04-19 02:27:12+00:00
363,106,86890,14,167,474,80.509059,272.903839,0.626621,0.7850560000000001,1.055642,13.552726999999999,2016-04-19 00:48:19+00:00,2016-04-19 02:27:12+00:00
364,106,86890,14,168,474,80.510176,272.8895,0.629588,0.7809020000000001,1.058609,6.877273,2016-04-19 00:48:19+00:00,2016-04-19 02:27:12+00:00
365,106,86890,14,169,474,80.51131600000001,272.8753,0.631961,0.7838689999999999,1.058016,6.785,2016-04-19 00:48:19+00:00,2016-04-19 02:27:12+00:00
366,106,86890,14,169,475,80.51174,272.870181,0.631368,0.778529,1.0592030000000001,7.094286,2016-04-19 00:48:19+00:00,2016-04-19 02:27:12+00:00
367,106,86890,14,170,475,80.51249399999999,272.86127799999997,0.6331479999999999,0.779716,1.0592030000000001,7.155455,2016-04-19 00:48:19+00:00,2016-04-19 02:27:12+00:00
368,106,86890,14,171,475,80.513731,272.84745499999997,0.631961,0.786243,1.061576,8.836,2016-04-19 00:48:19+00:00,2016-04-19 02:27:12+00:00
369,106,86890,14,172,475,80.514933,272.83516099999997,0.6349279999999999,0.788616,1.062763,8.277273,2016-04-19 00:48:19+00:00,2016-04-19 02:27:12+00:00
370,106,86890,14,173,475,80.516362,272.822058,0.6349279999999999,0.7856489999999999,1.065136,8.531,2016-04-19 00:48:19+00:00,2016-04-19 02:27:12+00:00
371,106,86890,14,174,475,80.517765,272.81059,0.632555,0.79099,1.069884,7.343636,2016-04-19 00:48:19+00:00,2016-04-19 02:27:12+00:00
372,106,86890,14,175,475,80.519424,272.79853399999996,0.6331479999999999,0.7880229999999999,1.0669170000000001,6.547,2016-04-19 00:48:19+00:00,2016-04-19 02:27:12+00:00
373,106,86890,14,176,475,80.52103699999999,272.78814,0.631961,0.78743,1.066323,5.615,2016-04-19 00:48:19+00:00,2016-04-19 02:27:12+00:00
374,106,86890,14,185,457,80.569764,272.872202,0.623654,0.798704,1.107267,16.155714,2016-04-19 00:48:19+00:00,2016-04-19 02:27:12+00:00
375,106,86890,14,184,457,80.57003900000001,272.882017,0.626027,0.796924,1.1108280000000001,10.44,2016-04-19 00:48:19+00:00,2016-04-19 02:27:12+00:00
376,106,86890,14,184,456,80.570105,272.884837,0.623654,0.790397,1.1167610000000001,14.581429,2016-04-19 00:48:19+00:00,2016-04-19 02:27:12+00:00
377,106,86890,14,183,455,80.57043900000001,272.904712,0.624841,0.788616,1.115575,17.775333,2016-04-19 00:48:19+00:00,2016-04-19 02:27:12+00:00
378,106,86890,14,182,454,80.57054699999999,272.926193,0.624841,0.796924,1.101927,16.864444,2016-04-19 00:48:19+00:00,2016-04-19 02:27:12+00:00
379,106,86890,14,136,518,80.378169,272.798134,0.6133460000000001,0.7547520000000001,1.07586,8.51,2016-04-19 00:48:19+00:00,2016-04-19 02:27:12+00:00
380,106,86890,14,160,499,80.452745,272.729074,0.6171260000000001,0.7809020000000001,1.050302,8.14,2016-04-19 00:48:19+00:00,2016-04-19 02:27:12+00:00
381,106,86890,14,190,476,80.543562,272.628179,0.6390819999999999,0.793957,1.078784,7.082,2016-04-19 00:48:19+00:00,2016-04-19 02:27:12+00:00
382,106,86890,14,191,476,80.54586,272.62047,0.640862,0.792177,1.081158,7.476,2016-04-19 00:48:19+00:00,2016-04-19 02:27:12+00:00
383,106,86890,14,205,479,80.56460600000001,272.425319,0.622713,0.7753329999999999,1.071252,7.133333,2016-04-19 00:48:19+00:00,2016-04-19 02:27:12+00:00
384,106,86890,14,206,479,80.56456999999999,272.421089,0.622713,0.7753329999999999,1.068922,6.978333,2016-04-19 00:48:19+00:00,2016-04-19 02:27:12+00:00
385,106,86890,14,206,480,80.564462,272.412575,0.6238779999999999,0.77941,1.074165,6.744,2016-04-19 00:48:19+00:00,2016-04-19 02:27:12+00:00
386,106,86890,14,207,480,80.564231,272.39821800000004,0.62446,0.777663,1.0823200000000002,6.6525,2016-04-19 00:48:19+00:00,2016-04-19 02:27:12+00:00
387,106,86890,14,207,481,80.56414000000001,272.392407,0.622713,0.778828,1.067175,7.638,2016-04-19 00:48:19+00:00,2016-04-19 02:27:12+00:00
388,106,86890,14,220,461,80.622957,272.445517,0.6122270000000001,0.764265,1.132417,6.225,2016-04-19 00:48:19+00:00,2016-04-19 02:27:12+00:00
389,106,86890,14,220,460,80.622764,272.448559,0.62446,0.771255,1.127757,5.31,2016-04-19 00:48:19+00:00,2016-04-19 02:27:12+00:00
390,106,86890,14,210,460,80.607766,272.567558,0.6128100000000001,0.762517,1.127174,5.514286,2016-04-19 00:48:19+00:00,2016-04-19 02:27:12+00:00
391,106,86890,14,209,460,80.60612900000001,272.57475,0.616305,0.766012,1.124261,10.996,2016-04-19 00:48:19+00:00,2016-04-19 02:27:12+00:00
392,106,86890,14,201,464,80.58525300000001,272.624581,0.6151399999999999,0.768342,1.1096979999999999,6.645556,2016-04-19 00:48:19+00:00,2016-04-19 02:27:12+00:00
393,106,86890,14,200,464,80.58265300000001,272.626459,0.619218,0.771255,1.1073680000000001,6.92,2016-04-19 00:48:19+00:00,2016-04-19 02:27:12+00:00
394,106,86890,14,200,465,80.582364,272.626632,0.619218,0.7695069999999999,1.106786,8.018,2016-04-19 00:48:19+00:00,2016-04-19 02:27:12+00:00
395,106,86890,14,199,465,80.579465,272.628133,0.61747,0.768925,1.102708,7.076667,2016-04-19 00:48:19+00:00,2016-04-19 02:27:12+00:00
396,106,86890,14,199,466,80.578594,272.628533,0.61747,0.766595,1.1038729999999999,8.021111,2016-04-19 00:48:19+00:00,2016-04-19 02:27:12+00:00
397,106,86890,14,198,466,80.575981,272.62964500000004,0.621548,0.768925,1.099796,7.136667,2016-04-19 00:48:19+00:00,2016-04-19 02:27:12+00:00
398,106,86890,14,198,467,80.57511,272.629998,0.6232949999999999,0.770672,1.09397,11.45875,2016-04-19 00:48:19+00:00,2016-04-19 02:27:12+00:00
399,106,86890,14,197,467,80.572787,272.630889,0.621548,0.771837,1.092223,6.7025,2016-04-19 00:48:19+00:00,2016-04-19 02:27:12+00:00
400,106,86890,14,197,468,80.571626,272.63130099999995,0.625625,0.773003,1.0881450000000001,6.75125,2016-04-19 00:48:19+00:00,2016-04-19 02:27:12+00:00
401,106,86890,14,196,468,80.569303,272.632022,0.62446,0.771837,1.085233,7.2175,2016-04-19 00:48:19+00:00,2016-04-19 02:27:12+00:00
402,106,86890,14,196,469,80.568141,272.63232,0.627373,0.773003,1.085233,6.7475,2016-04-19 00:48:19+00:00,2016-04-19 02:27:12+00:00
403,106,86890,14,195,469,80.56581800000001,272.632758,0.628538,0.7759149999999999,1.0811549999999999,6.745,2016-04-19 00:48:19+00:00,2016-04-19 02:27:12+00:00
404,106,86890,14,194,470,80.562043,272.633006,0.629703,0.779993,1.075912,9.596667,2016-04-19 00:48:19+00:00,2016-04-19 02:27:12+00:00
405,106,86890,14,194,471,80.561172,272.633026,0.627955,0.78174,1.07067,7.403333,2016-04-19 00:48:19+00:00,2016-04-19 02:27:12+00:00
406,106,86890,14,193,471,80.558561,272.633225,0.627373,0.779993,1.071252,7.81,2016-04-19 00:48:19+00:00,2016-04-19 02:27:12+00:00
407,106,86890,14,193,472,80.55798,272.633317,0.63145,0.777663,1.0660100000000001,7.645,2016-04-19 00:48:19+00:00,2016-04-19 02:27:12+00:00
408,106,86890,14,192,472,80.555082,272.634136,0.628538,0.778828,1.067175,7.2066669999999995,2016-04-19 00:48:19+00:00,2016-04-19 02:27:12+00:00
409,106,86890,14,187,476,80.539268,272.646326,0.636115,0.792177,1.078191,6.81,2016-04-19 00:48:19+00:00,2016-04-19 02:27:12+00:00
410,106,86890,14,186,477,80.536109,272.648974,0.635522,0.7933640000000001,1.080565,7.783333,2016-04-19 00:48:19+00:00,2016-04-19 02:27:12+00:00
411,106,86890,14,183,481,80.523768,272.659572,0.634335,0.7892100000000001,1.0740370000000001,9.35,2016-04-19 00:48:19+00:00,2016-04-19 02:27:12+00:00
412,106,86890,14,40,612,80.047573,272.868737,0.625631,0.775054,1.064181,7.042222,2016-04-19 00:48:19+00:00,2016-04-19 02:27:12+00:00
413,106,86890,14,38,611,80.045468,272.903215,0.6292760000000001,0.784165,1.081796,8.085,2016-04-19 00:48:19+00:00,2016-04-19 02:27:12+00:00
414,106,86890,14,37,611,80.044804,272.912937,0.6292760000000001,0.781736,1.08544,7.641111,2016-04-19 00:48:19+00:00,2016-04-19 02:27:12+00:00
415,106,86890,14,36,610,80.042846,272.940302,0.6310979999999999,0.779913,1.090299,9.62,2016-04-19 00:48:19+00:00,2016-04-19 02:27:12+00:00
416,106,86890,14,35,610,80.042727,272.94190299999997,0.634135,0.779306,1.095159,6.995,2016-04-19 00:48:19+00:00,2016-04-19 02:27:12+00:00
417,106,86890,14,34,610,80.04175500000001,272.954658,0.6292760000000001,0.7774840000000001,1.098196,7.927778,2016-04-19 00:48:19+00:00,2016-04-19 02:27:12+00:00
418,106,86890,14,33,609,80.039716,272.979919,0.63778,0.782343,1.095766,7.26,2016-04-19 00:48:19+00:00,2016-04-19 02:27:12+00:00
419,106,86890,14,32,609,80.03958399999999,272.981487,0.6365649999999999,0.779306,1.0994110000000001,7.297778,2016-04-19 00:48:19+00:00,2016-04-19 02:27:12+00:00
420,106,86890,14,31,609,80.038393,272.995563,0.634135,0.772624,1.101233,7.53,2016-04-19 00:48:19+00:00,2016-04-19 02:27:12+00:00
