#path,orbit,img_block
79,86932,32
79,86932,33
77,86961,33
81,86903,32
161,86908,6
79,86932,31
159,86937,6
159,86937,7
83,86874,18
99,86875,15
58,86887,23
90,86889,16
106,86890,13
106,86890,14
49,86901,25
49,86901,24
65,86902,22
97,86904,15
56,86916,23
72,86917,20
88,86918,17
72,86917,32
152,86922,6
70,86946,32
74,86888,20
90,86889,17
81,86903,18
90,86889,26
154,86893,13
154,86893,12
97,86904,25
145,86907,14
88,86918,27
152,86922,13
95,86933,25
95,86933,26
90,86889,27
97,86904,26
161,86908,11
106,86890,22
122,86891,19
138,86892,16
97,86904,23
113,86905,20
113,86905,21
129,86906,17
145,86907,15
104,86919,22
120,86920,19
136,86921,16
95,86933,23
95,86933,24
89,87020,20
105,87021,18
121,87022,15
80,87034,22
96,87035,19
112,87036,16
87,87049,21
103,87050,18
119,87051,15
78,87063,22
94,87064,20
94,87064,19
161,86908,7
90,86889,28
161,86908,10
88,86918,28
95,86933,27
161,86908,8
79,86932,30
159,86937,8
81,86903,31
81,86903,30
161,86908,9
88,86918,29
137,87023,11
137,87023,12
80,87034,24
128,87037,13
71,87048,26
135,87052,12
78,87063,25
106,86890,20
122,86891,18
113,86905,19
104,86919,21
120,86920,18
65,86902,21
99,86875,14
56,86916,24
144,87038,10
71,87048,28
71,87048,27
135,87052,11
72,86917,31
152,86922,7
152,86922,8
70,86946,31
72,86917,33
70,86946,33
64,87033,30
144,87038,9
71,87048,29
105,87021,17
80,87034,21
87,87049,20
106,86890,21
72,86917,30
152,86922,9
79,86932,29
97,86904,22
89,87020,21
80,87034,23
96,87035,20
112,87036,17
128,87037,14
71,87048,24
78,87063,23
152,86922,12
64,87033,29
64,87033,32
64,87033,31
71,87048,30
151,87053,6
151,87053,7
145,86907,10
72,86917,29
79,86932,28
71,87048,25
87,87049,22
78,87063,24
90,86889,25
106,86890,23
97,86904,24
104,86919,23
144,87038,8
70,86946,30
89,87020,19
96,87035,18
